{"val": {"regular_loss": 0.00011379196964672803, "trainable_loss": 4.452627723259386e-05, "accuracy": 0.9404957113537044}, "_timestamp": 1681050513.6352925, "_runtime": 8398.909255504608, "_step": 30, "train": {"regular_loss": 8.496882908404186e-05, "trainable_loss": 0.00015755248893729523}, "lr": 0.0007, "test_accuracy": 0.9167828898822057, "test_transforms": "Sequential(\n  (0): Resize(size=(64, 64), interpolation=bilinear, max_size=None, antialias=None)\n)", "_wandb": {"runtime": 8461}}