{"val": {"regular_loss": 0.0001185999201344679, "trainable_loss": 0.00012625708751342452, "accuracy": 0.9547756857257655}, "_timestamp": 1681150558.1912067, "_runtime": 37591.6827275753, "_step": 30, "train": {"regular_loss": 6.255338809428029e-05, "trainable_loss": 0.00022689576473905644}, "lr": 0.001, "test_accuracy": 0.9367243468641624, "test_transforms": "Sequential(\n  (0): Resize(size=(128, 128), interpolation=bilinear, max_size=None, antialias=None)\n)", "_wandb": {"runtime": 37716}}