{"val": {"regular_loss": 8.97009486594594e-05, "trainable_loss": 3.1382026592716465e-05, "accuracy": 0.9521291201332901}, "_timestamp": 1681071781.4972687, "_runtime": 20482.51207971573, "_step": 25, "train": {"regular_loss": 7.068458376757224e-05, "trainable_loss": 0.000110411884988256}, "lr": 0.001}