{"val": {"regular_loss": 9.335666419774354e-05, "trainable_loss": 1.7008492309074784e-05, "accuracy": 0.9523338954311839}, "_timestamp": 1681088092.6583157, "_runtime": 36793.67312669754, "_step": 40, "train": {"regular_loss": 3.018359947923704e-05, "trainable_loss": 6.172579230541031e-05}, "lr": 0.001, "test_accuracy": 0.9298938988284957, "test_transforms": "Sequential(\n  (0): Resize(size=(128, 128), interpolation=bilinear, max_size=None, antialias=None)\n)", "_wandb": {"runtime": 36984}}