{"train": {"loss": 0.012899036519229412}, "lr": 0.001, "_timestamp": 1680083335.3936555, "_runtime": 1653.876517534256, "_step": 52, "_wandb": {"runtime": 1657}}