{"val": {"loss": 0.018556203693151474}, "_timestamp": 1680119019.0750802, "_runtime": 34660.66182923317, "_step": 100, "train": {"loss": 0.0002819777582772076}, "lr": 0.000343, "_wandb": {"runtime": 34663}}