{"val": {"loss": 0.11798499817006729}, "_timestamp": 1679949974.0474064, "_runtime": 175.41424036026, "_step": 0, "_wandb": {"runtime": 178}}