{"val": {"loss": 0.004876079262940438}, "_timestamp": 1682431272.6698124, "_runtime": 19943.040290355682, "_step": 20, "train": {"loss": 0.004080662222422639}, "lr": 0.001, "_wandb": {"runtime": 19971}}