{"val": {"loss": 0.02256701035158975}, "_timestamp": 1682351636.830745, "_runtime": 7595.906706094742, "_step": 10, "train": {"loss": 0.02165205492903062}, "lr": 0.001, "_wandb": {"runtime": 7629}}