{"train": {"loss": 0.013610226102173328, "lr": 0.001}, "_timestamp": 1679853082.3540955, "_runtime": 12991.730781555176, "_step": 999, "acc@95": 0.0, "acc@80": 0.3381176470588235, "_wandb": {"runtime": 13151}}