{"val": {"loss": 0.013112878426909447}, "_timestamp": 1680038246.454231, "_runtime": 132508.96946692467, "_step": 150, "train": {"loss": 0.023201041505672038}, "lr": 1.2379400392853825e-06, "acc@95": 0.004, "acc@80": 0.39176470588235296, "_wandb": {"runtime": 132955}}