{"val": {"loss": 0.06230695001518025}, "_timestamp": 1679955280.2826283, "_runtime": 2415.7539904117584, "_step": 1, "train": {"loss": 0.141846274550571}, "_wandb": {"runtime": 2494}}