{"val": {"loss": 0.01816637412632414}, "_timestamp": 1682411064.937334, "_runtime": 40365.891459941864, "_step": 36, "train": {"loss": 0.011771873694650202}, "lr": 0.00049, "_wandb": {"runtime": 40516}}