{"val": {"loss": 0.0071427891962230206}, "_timestamp": 1679828302.6442482, "_runtime": 41964.041736364365, "_step": 100, "train": {"loss": 0.009290513406973505}, "lr": [1.0000000000000005e-09], "acc@95": 0.08305882352941177, "acc@80": 0.8395294117647059, "_wandb": {"runtime": 42057}}