{"val": {"loss": 0.06682989001274109}, "_timestamp": 1680080561.9959126, "_runtime": 2130.578866481781, "_step": 1, "train": {"loss": 0.07847253392780355}, "lr": 0.001, "_wandb": {"runtime": 3113}}