{"val": {"loss": 0.00019970957721381652}, "_timestamp": 1680912414.3749354, "_runtime": 7826.302944421768, "_step": 15, "train": {"loss": 9.279135422163174e-05}, "lr": 0.001, "test_accuracy": 0.8931956941391305, "_wandb": {"runtime": 7947}}