{"val": {"loss": 0.3497244417667389}, "_timestamp": 1680083799.795945, "_runtime": 140.40981793403625, "_step": 0}