{"val": {"loss": 0.11798499873105217}, "_timestamp": 1679950191.2548876, "_runtime": 174.28313946723938, "_step": 0, "_wandb": {"runtime": 176}}