{"val": {"regular_loss": 9.908175156888687e-05, "trainable_loss": 0.00011877857375525069, "accuracy": 0.9473091439927149}, "_timestamp": 1681072364.9280195, "_runtime": 11881.006835460663, "_step": 11, "train": {"regular_loss": 0.0002130647717506784, "trainable_loss": 0.00040464849179478314}, "lr": 0.001}