{"val": {"regular_loss": 9.860006711629353e-05, "trainable_loss": 8.39336314877861e-05, "accuracy": 0.947662846779986}, "_timestamp": 1681073620.0823019, "_runtime": 13136.16111779213, "_step": 12, "train": {"regular_loss": 0.00019498162539032855, "trainable_loss": 0.00034101019140058775}, "lr": 0.001, "test_accuracy": 0.9288932845517776, "test_transforms": "Sequential(\n  (0): Resize(size=(128, 128), interpolation=bilinear, max_size=None, antialias=None)\n)", "_wandb": {"runtime": 13369}}