{"val": {"loss": 0.01352549996227026}, "_timestamp": 1679894018.771408, "_runtime": 53870.33236813545, "_step": 100, "train": {"loss": 0.025108236406335242}, "lr": 1.0000000000000005e-09, "acc@95": 0.0009411764705882353, "acc@80": 0.1623529411764706, "_wandb": {"runtime": 54026}}