{"val": {"loss": 2.1653763241251425e-06}, "_timestamp": 1682341069.957092, "_runtime": 238.18048405647278, "_step": 1, "train": {"loss": 0.00014092387323204502}, "lr": 0.001, "_wandb": {"runtime": 353}}