{"val": {"loss": 0.360784792638087}, "_timestamp": 1682341389.6813293, "_runtime": 146.3752682209015, "_step": 0}