{"val": {"loss": 0.012345439192345913}, "_timestamp": 1680049307.5045798, "_runtime": 93475.93925571442, "_step": 100, "train": {"loss": 0.022930091911277106}, "lr": 0.00025, "acc@95": 0.0, "acc@80": 0.23152941176470587, "_wandb": {"runtime": 93888}}