{"train": {"loss": 0.00989711657166481, "lr": 0.001}, "_timestamp": 1679870757.3651245, "_runtime": 17503.370171546936, "_step": 999, "acc@95": 0.12658823529411764, "acc@80": 0.800235294117647, "_wandb": {"runtime": 17652}}