{"val": {"regular_loss": 0.0001425224213742712, "trainable_loss": 0.0001429690294316241, "accuracy": 0.948660350693211}, "_timestamp": 1681052894.6443713, "_runtime": 21197.316273212433, "_step": 30, "train": {"regular_loss": 7.955162577065945e-05, "trainable_loss": 0.00024011608949001145}, "lr": 0.0007, "test_accuracy": 0.9282970369197049, "test_transforms": "Sequential(\n  (0): Resize(size=(64, 64), interpolation=bilinear, max_size=None, antialias=None)\n)", "_wandb": {"runtime": 21265}}