{"val": {"loss": 0.0009438536675537334}, "_timestamp": 1679949559.8014855, "_runtime": 201.6608395576477, "_step": 0, "_wandb": {"runtime": 208}}