{"val": {"loss": 2.7932260036468506}, "_timestamp": 1680078060.970013, "_runtime": 457.3782868385315, "_step": 0, "_wandb": {"runtime": 459}}