{"val": {"loss": 0.04729748773048906}, "_timestamp": 1679952219.669371, "_runtime": 1922.9409098625183, "_step": 1, "acc@95": 0.0, "acc@80": 0.001411764705882353, "train": {"loss": 0.11062409077203551}, "_wandb": {"runtime": 2500}}